,,
,,
,,"This workbook contains all public responses submitted by cities reporting to CDP-ICLEI Track in 2025 to the CDP Cities, States and Regions 2025 questionnaire. "
,,The Excel workbook was created through Microsoft Excel for Microsoft 365 MSO (Version 2301). 
,,"The first tab labelled 'Summary' contains a list of all cities featured in this dataset, while the remaining tabs contain data for each question in the CDP Cities, States and Regions 2025 Questionnaire. "
,,
,,Please refer to the following guidance documents to aid understanding and interpretation of this data: 
,,https://www.cdp.net/en/disclose/question-bank
,,
,,"When using this data, please cite both organisations using the following wording: ‘This data was collected in partnership by CDP and ICLEI - Local Governments for Sustainability’ "
